nanopore2_20160728_FNFAB24462_MN17024_sequencing_run_E_coli_K12_1D_R9_SpotOn_2_66703_ch206_read180_strand	04adc1f5-0667-470d-b60b-79cd3632b6a6_Basecall_Alignment_template
nanopore2_20160729_FNFAB24462_MN17024_sequencing_run_E_coli_K12_1D_R9_SpotOn_2_26075_ch278_read693_strand	64be6a7f-1c26-41b5-901a-9dc7d6370c12_Basecall_Alignment_template
nanopore2_20160728_FNFAB24462_MN17024_sequencing_run_E_coli_K12_1D_R9_SpotOn_2_66703_ch151_read1117_strand	e21d1519-7b56-4b26-9245-b627b0fb7001_Basecall_Alignment_template
nanopore2_20160728_FNFAB24462_MN17024_sequencing_run_E_coli_K12_1D_R9_SpotOn_2_66703_ch328_read634_strand	e3066b58-cc54-4627-a973-49c13b3a8732_Basecall_Alignment_template
nanopore2_20160729_FNFAB24462_MN17024_sequencing_run_E_coli_K12_1D_R9_SpotOn_2_58342_ch93_read404_strand	10bd0070-fe42-4156-a46b-b534dcf713ca_Basecall_Alignment_template
nanopore2_20160728_FNFAB24462_MN17024_sequencing_run_E_coli_K12_1D_R9_SpotOn_2_40525_ch191_read307_strand	5dca09be-e898-42ce-9f72-a655428c96e2_Basecall_Alignment_template
nanopore2_20160729_FNFAB24462_MN17024_sequencing_run_E_coli_K12_1D_R9_SpotOn_2_26075_ch376_read779_strand	1b2f99c0-631a-46d8-8b2d-09f55aa85945_Basecall_Alignment_template
nanopore2_20160728_FNFAB24462_MN17024_sequencing_run_E_coli_K12_1D_R9_SpotOn_2_66703_ch248_read67_strand	15e5a341-58c5-4f70-bf7d-80a879f87dc6_Basecall_Alignment_template
nanopore2_20160728_FNFAB24462_MN17024_sequencing_run_E_coli_K12_1D_R9_SpotOn_2_40525_ch227_read353_strand	3ca2aba6-b6d2-41af-964d-6e4682aa107e_Basecall_Alignment_template
nanopore2_20160728_FNFAB24462_MN17024_sequencing_run_E_coli_K12_1D_R9_SpotOn_2_66703_ch222_read19850_strand	45060187-2cfa-413a-af3e-f71d737a9222_Basecall_Alignment_template
nanopore2_20160728_FNFAB24462_MN17024_sequencing_run_E_coli_K12_1D_R9_SpotOn_2_66703_ch99_read264_strand1	dae667e6-7479-4454-9b09-fb0e47770df8_Basecall_Alignment_template
nanopore2_20160728_FNFAB24462_MN17024_sequencing_run_E_coli_K12_1D_R9_SpotOn_2_40525_ch320_read144_strand	6f9a8651-c68d-4fdb-aac1-32ca50a871e4_Basecall_Alignment_template
nanopore2_20160728_FNFAB24462_MN17024_sequencing_run_E_coli_K12_1D_R9_SpotOn_2_40525_ch2_read544_strand	dc35b8e5-bea5-4ea6-9e20-10a64e7415c9_Basecall_Alignment_template
nanopore2_20160728_FNFAB24462_MN17024_sequencing_run_E_coli_K12_1D_R9_SpotOn_2_40525_ch436_read198_strand	a6688895-974c-4301-a58d-64ef830406f8_Basecall_Alignment_template
nanopore2_20160729_FNFAB24462_MN17024_sequencing_run_E_coli_K12_1D_R9_SpotOn_2_26075_ch466_read687_strand	00009255-074c-49a9-9240-5fb05f08bd81_Basecall_Alignment_template
nanopore2_20160728_FNFAB24462_MN17024_sequencing_run_E_coli_K12_1D_R9_SpotOn_2_66703_ch14_read190_strand	e50d4f86-69cd-40eb-b945-bb639d015adb_Basecall_Alignment_template
nanopore2_20160729_FNFAB24462_MN17024_sequencing_run_E_coli_K12_1D_R9_SpotOn_2_26075_ch473_read40_strand	7961f006-63dc-47b6-b21a-77cfd6ff349b_Basecall_Alignment_template
nanopore2_20160728_FNFAB24462_MN17024_sequencing_run_E_coli_K12_1D_R9_SpotOn_2_66703_ch249_read140_strand	9a896197-c226-4401-a6bf-3ab7cddc27f2_Basecall_Alignment_template
nanopore2_20160728_FNFAB24462_MN17024_sequencing_run_E_coli_K12_1D_R9_SpotOn_2_40525_ch208_read476_strand	7efbe979-8201-402c-9d54-4af2f2884587_Basecall_Alignment_template
nanopore2_20160729_FNFAB24462_MN17024_sequencing_run_E_coli_K12_1D_R9_SpotOn_2_26075_ch244_read644_strand	a487bfab-9eb2-46ac-ad48-a8016ba784ed_Basecall_Alignment_template
nanopore2_20160728_FNFAB24462_MN17024_sequencing_run_E_coli_K12_1D_R9_SpotOn_2_40525_ch106_read489_strand	88b55ef4-0e54-4794-a175-865385479dcd_Basecall_Alignment_template
nanopore2_20160728_FNFAB24462_MN17024_sequencing_run_E_coli_K12_1D_R9_SpotOn_2_40525_ch421_read413_strand	b3599d5f-010c-4dd0-b0c7-9ee7bba5e547_Basecall_Alignment_template
nanopore2_20160728_FNFAB24462_MN17024_sequencing_run_E_coli_K12_1D_R9_SpotOn_2_40525_ch364_read206_strand	eeff215c-3475-460f-a3ca-a2847dd423a9_Basecall_Alignment_template
nanopore2_20160728_FNFAB24462_MN17024_sequencing_run_E_coli_K12_1D_R9_SpotOn_2_66703_ch200_read1011_strand	a5b0455f-15a5-49fa-b1ed-f1470d3cacfb_Basecall_Alignment_template
nanopore2_20160729_FNFAB24462_MN17024_sequencing_run_E_coli_K12_1D_R9_SpotOn_2_38623_ch369_read24_strand	2c9a287d-c3b9-4d9f-8519-996ad7a602de_Basecall_Alignment_template
nanopore2_20160729_FNFAB24462_MN17024_sequencing_run_E_coli_K12_1D_R9_SpotOn_2_26075_ch110_read689_strand1	0ad1d7e3-a6d4-4fa4-bff0-c82b39abf39c_Basecall_Alignment_template
nanopore2_20160728_FNFAB24462_MN17024_sequencing_run_E_coli_K12_1D_R9_SpotOn_2_66703_ch401_read21681_strand	ddaa9053-49fb-4a07-abc1-a462ca9987ec_Basecall_Alignment_template
nanopore2_20160729_FNFAB24462_MN17024_sequencing_run_E_coli_K12_1D_R9_SpotOn_2_26075_ch178_read543_strand1	ee85885b-d708-4fd9-8015-4d5b5a49d295_Basecall_Alignment_template
nanopore2_20160729_FNFAB24462_MN17024_sequencing_run_E_coli_K12_1D_R9_SpotOn_2_95274_ch173_read235_strand	0d7ff47b-ee1a-45a8-a43d-cec6a70d6bc4_Basecall_Alignment_template
nanopore2_20160728_FNFAB24462_MN17024_sequencing_run_E_coli_K12_1D_R9_SpotOn_2_40525_ch457_read288_strand	c72d4040-0f36-4180-ad96-2984ffa4dc07_Basecall_Alignment_template
nanopore2_20160728_FNFAB24462_MN17024_sequencing_run_E_coli_K12_1D_R9_SpotOn_2_66703_ch340_read632_strand	22e86ba4-cafc-450d-9081-087a7ea5fa81_Basecall_Alignment_template
nanopore2_20160728_FNFAB24462_MN17024_sequencing_run_E_coli_K12_1D_R9_SpotOn_2_40525_ch485_read120_strand	682cdc50-7466-42a0-b223-9c29a3331330_Basecall_Alignment_template
nanopore2_20160729_FNFAB24462_MN17024_sequencing_run_E_coli_K12_1D_R9_SpotOn_2_26075_ch246_read321_strand	79a0f913-a3a3-432f-b6a5-cf2de49e406f_Basecall_Alignment_template
nanopore2_20160728_FNFAB24462_MN17024_sequencing_run_E_coli_K12_1D_R9_SpotOn_2_40525_ch30_read137_strand	dd92c752-6dbd-4b5e-82b1-0801aacd6159_Basecall_Alignment_template
nanopore2_20160728_FNFAB24462_MN17024_sequencing_run_E_coli_K12_1D_R9_SpotOn_2_40525_ch251_read359_strand	690720b3-be2b-4fe6-b7a2-0e5211d20316_Basecall_Alignment_template
nanopore2_20160729_FNFAB24462_MN17024_sequencing_run_E_coli_K12_1D_R9_SpotOn_2_95274_ch63_read102_strand	a8b67f3a-1d04-4d40-83d2-8efbef8df030_Basecall_Alignment_template
nanopore2_20160728_FNFAB24462_MN17024_sequencing_run_E_coli_K12_1D_R9_SpotOn_2_66703_ch70_read6804_strand	9ffd7d45-38e6-4c0b-882b-8948c3971820_Basecall_Alignment_template
nanopore2_20160728_FNFAB24462_MN17024_sequencing_run_E_coli_K12_1D_R9_SpotOn_2_40525_ch48_read301_strand	ab0de6cf-b92b-47dd-b3ea-34fc49809d31_Basecall_Alignment_template
nanopore2_20160729_FNFAB24462_MN17024_sequencing_run_E_coli_K12_1D_R9_SpotOn_2_26075_ch238_read315_strand	deb74fef-24ff-4f69-9d31-2b5f1af39e40_Basecall_Alignment_template
nanopore2_20160729_FNFAB24462_MN17024_sequencing_run_E_coli_K12_1D_R9_SpotOn_2_95274_ch376_read128_strand	1c1fadaf-d664-4372-9e9f-b92ef79328c7_Basecall_Alignment_template
nanopore2_20160728_FNFAB24462_MN17024_sequencing_run_E_coli_K12_1D_R9_SpotOn_2_40525_ch310_read30_strand	57358a2c-11dd-4844-843b-1b135211e39f_Basecall_Alignment_template
nanopore2_20160729_FNFAB24462_MN17024_sequencing_run_E_coli_K12_1D_R9_SpotOn_2_26075_ch162_read1070_strand	2582dc71-e39c-4b13-ae75-4154ca9f8d17_Basecall_Alignment_template
nanopore2_20160728_FNFAB24462_MN17024_sequencing_run_E_coli_K12_1D_R9_SpotOn_2_66703_ch156_read715_strand	296cc58c-0aaa-480a-aa33-a5724e7cf12a_Basecall_Alignment_template
nanopore2_20160728_FNFAB24462_MN17024_sequencing_run_E_coli_K12_1D_R9_SpotOn_2_40525_ch152_read95_strand	9e1927b8-e0e6-4188-9b29-62d147eccb11_Basecall_Alignment_template
nanopore2_20160729_FNFAB24462_MN17024_sequencing_run_E_coli_K12_1D_R9_SpotOn_2_58342_ch502_read1381_strand	e0a5fbf6-3104-498e-9b3f-23f0991393d2_Basecall_Alignment_template
nanopore2_20160728_FNFAB24462_MN17024_sequencing_run_E_coli_K12_1D_R9_SpotOn_2_40525_ch462_read105_strand	08a3d3b6-f931-406c-a0b1-11c891361cfc_Basecall_Alignment_template
nanopore2_20160729_FNFAB24462_MN17024_sequencing_run_E_coli_K12_1D_R9_SpotOn_2_26075_ch162_read834_strand	259c0d79-9d87-45fd-b89b-588cf7bd79f8_Basecall_Alignment_template
nanopore2_20160728_FNFAB24462_MN17024_sequencing_run_E_coli_K12_1D_R9_SpotOn_2_66703_ch435_read170_strand	c58ac7af-4eb0-4176-abed-175d2808906c_Basecall_Alignment_template
nanopore2_20160728_FNFAB24462_MN17024_sequencing_run_E_coli_K12_1D_R9_SpotOn_2_66703_ch74_read60_strand	c769e5f0-861f-4a5e-85d3-38be81803eec_Basecall_Alignment_template
nanopore2_20160728_FNFAB24462_MN17024_sequencing_run_E_coli_K12_1D_R9_SpotOn_2_66703_ch337_read87_strand	0899a740-cdeb-48e5-be63-d650b5b70777_Basecall_Alignment_template
nanopore2_20160728_FNFAB24462_MN17024_sequencing_run_E_coli_K12_1D_R9_SpotOn_2_40525_ch222_read5509_strand	c994a676-6e17-4457-b4e8-9766a5b64358_Basecall_Alignment_template
nanopore2_20160728_FNFAB24462_MN17024_sequencing_run_E_coli_K12_1D_R9_SpotOn_2_40525_ch253_read361_strand	22a6039a-ac72-4e34-ae35-5398eb5a8a4a_Basecall_Alignment_template
nanopore2_20160729_FNFAB24462_MN17024_sequencing_run_E_coli_K12_1D_R9_SpotOn_2_26075_ch54_read805_strand	94d902a5-ec35-4052-a715-54726dc85028_Basecall_Alignment_template
nanopore2_20160728_FNFAB24462_MN17024_sequencing_run_E_coli_K12_1D_R9_SpotOn_2_66703_ch475_read283_strand	4ba7830a-30e9-472e-8311-09ce1b11fc35_Basecall_Alignment_template
nanopore2_20160728_FNFAB24462_MN17024_sequencing_run_E_coli_K12_1D_R9_SpotOn_2_40525_ch108_read122_strand	86bbf8ee-d5c7-4acd-9c6e-6715a9ebe0bf_Basecall_Alignment_template
nanopore2_20160729_FNFAB24462_MN17024_sequencing_run_E_coli_K12_1D_R9_SpotOn_2_95274_ch289_read1118_strand	9d834777-3bc5-4177-a2b3-65e939d421ea_Basecall_Alignment_template
nanopore2_20160729_FNFAB24462_MN17024_sequencing_run_E_coli_K12_1D_R9_SpotOn_2_58342_ch371_read221_strand	93bad181-24bb-4efc-9f17-5dc87f8847b2_Basecall_Alignment_template
nanopore2_20160729_FNFAB24462_MN17024_sequencing_run_E_coli_K12_1D_R9_SpotOn_2_95274_ch249_read518_strand1	ea67c545-e10c-4ad5-87fe-7485a5e2e0c8_Basecall_Alignment_template
nanopore2_20160728_FNFAB24462_MN17024_sequencing_run_E_coli_K12_1D_R9_SpotOn_2_40525_ch401_read223_strand	7680b5bb-45d9-4db1-97bc-9b3010308383_Basecall_Alignment_template
nanopore2_20160729_FNFAB24462_MN17024_sequencing_run_E_coli_K12_1D_R9_SpotOn_2_26075_ch496_read305_strand	8208173c-58a2-4f17-9b3a-f81e27c2703a_Basecall_Alignment_template
nanopore2_20160728_FNFAB24462_MN17024_sequencing_run_E_coli_K12_1D_R9_SpotOn_2_40525_ch434_read635_strand	00f1e9eb-941c-4979-81af-ef6c3291bb84_Basecall_Alignment_template
nanopore2_20160728_FNFAB24462_MN17024_sequencing_run_E_coli_K12_1D_R9_SpotOn_2_40525_ch499_read328_strand	ea8bea32-91cb-4134-961d-d9de96d27586_Basecall_Alignment_template
nanopore2_20160728_FNFAB24462_MN17024_sequencing_run_E_coli_K12_1D_R9_SpotOn_2_40525_ch472_read49_strand	92409f1f-15fc-4dac-a415-a0231253f6a5_Basecall_Alignment_template
nanopore2_20160728_FNFAB24462_MN17024_sequencing_run_E_coli_K12_1D_R9_SpotOn_2_66703_ch144_read475_strand	d17d5e68-29b5-429a-8bdd-fe73ba1fa917_Basecall_Alignment_template
nanopore2_20160729_FNFAB24462_MN17024_sequencing_run_E_coli_K12_1D_R9_SpotOn_2_38623_ch391_read171_strand	c6cba144-1709-4312-9849-b40e8319ae0a_Basecall_Alignment_template
nanopore2_20160728_FNFAB24462_MN17024_sequencing_run_E_coli_K12_1D_R9_SpotOn_2_66703_ch448_read537_strand	7af0150c-a2b7-42ae-b67f-58ea183e2d52_Basecall_Alignment_template
nanopore2_20160728_FNFAB24462_MN17024_sequencing_run_E_coli_K12_1D_R9_SpotOn_2_40525_ch28_read349_strand	94cdc54b-a459-4d36-a16a-43a7f2eafbe3_Basecall_Alignment_template
nanopore2_20160729_FNFAB24462_MN17024_sequencing_run_E_coli_K12_1D_R9_SpotOn_2_95274_ch187_read867_strand	3fb8462b-13b5-4ac4-aedd-756cbf85080c_Basecall_Alignment_template
nanopore2_20160728_FNFAB24462_MN17024_sequencing_run_E_coli_K12_1D_R9_SpotOn_2_40525_ch19_read495_strand	29d178ab-a452-4fb8-94bf-0a4b77c73060_Basecall_Alignment_template
nanopore2_20160728_FNFAB24462_MN17024_sequencing_run_E_coli_K12_1D_R9_SpotOn_2_40525_ch472_read190_strand	5199f0bf-e47d-49a8-9deb-942dffc4516c_Basecall_Alignment_template
nanopore2_20160729_FNFAB24462_MN17024_sequencing_run_E_coli_K12_1D_R9_SpotOn_2_26075_ch97_read46_strand	d060e3c5-8a83-4614-874e-a8afbf3a954b_Basecall_Alignment_template
nanopore2_20160728_FNFAB24462_MN17024_sequencing_run_E_coli_K12_1D_R9_SpotOn_2_66703_ch390_read364_strand	02c793d1-246a-4bfc-85f0-c4ccfb423ec8_Basecall_Alignment_template
nanopore2_20160729_FNFAB24462_MN17024_sequencing_run_E_coli_K12_1D_R9_SpotOn_2_26075_ch376_read268_strand1	e3d10c95-fd40-41c9-8523-0c0cb7003fa2_Basecall_Alignment_template
nanopore2_20160728_FNFAB24462_MN17024_sequencing_run_E_coli_K12_1D_R9_SpotOn_2_40525_ch113_read74_strand	0787c43b-6cac-48fe-b0ad-e41cf65a1800_Basecall_Alignment_template
nanopore2_20160728_FNFAB24462_MN17024_sequencing_run_E_coli_K12_1D_R9_SpotOn_2_66703_ch368_read942_strand	d257a944-b8a9-4db7-afb6-abbda59e4af2_Basecall_Alignment_template
nanopore2_20160728_FNFAB24462_MN17024_sequencing_run_E_coli_K12_1D_R9_SpotOn_2_40525_ch135_read274_strand	62480229-a98a-4879-8f7a-7e8c3c98d050_Basecall_Alignment_template
nanopore2_20160729_FNFAB24462_MN17024_sequencing_run_E_coli_K12_1D_R9_SpotOn_2_26075_ch122_read685_strand	c7904d25-5156-4079-a4e3-0d9d4a52e907_Basecall_Alignment_template
nanopore2_20160728_FNFAB24462_MN17024_sequencing_run_E_coli_K12_1D_R9_SpotOn_2_66703_ch95_read2898_strand	cd4cd698-8de9-4c8d-a1c6-19af87caf005_Basecall_Alignment_template
nanopore2_20160728_FNFAB24462_MN17024_sequencing_run_E_coli_K12_1D_R9_SpotOn_2_66703_ch94_read218_strand1	a48343ee-b876-4074-9bdf-4e88c34057a6_Basecall_Alignment_template
nanopore2_20160729_FNFAB24462_MN17024_sequencing_run_E_coli_K12_1D_R9_SpotOn_2_95274_ch357_read99_strand	3c119b3a-5129-4937-a76f-cd1117e99324_Basecall_Alignment_template
nanopore2_20160728_FNFAB24462_MN17024_sequencing_run_E_coli_K12_1D_R9_SpotOn_2_66703_ch76_read625_strand	9972e7b1-f08b-49e0-b4af-a9ece148392a_Basecall_Alignment_template
nanopore2_20160729_FNFAB24462_MN17024_sequencing_run_E_coli_K12_1D_R9_SpotOn_2_95274_ch191_read1166_strand	6dd39acd-1ba2-4970-9c1c-860343056d2f_Basecall_Alignment_template
nanopore2_20160728_FNFAB24462_MN17024_sequencing_run_E_coli_K12_1D_R9_SpotOn_2_66703_ch321_read426_strand	1c382e50-2f96-4b64-815a-25c28dfdef41_Basecall_Alignment_template
nanopore2_20160729_FNFAB24462_MN17024_sequencing_run_E_coli_K12_1D_R9_SpotOn_2_26075_ch271_read199_strand	7f5eace2-e604-4351-88af-281b3653f541_Basecall_Alignment_template
nanopore2_20160729_FNFAB24462_MN17024_sequencing_run_E_coli_K12_1D_R9_SpotOn_2_26075_ch507_read305_strand1	9b4d33b1-43f7-4b59-8979-d22e5b3492fb_Basecall_Alignment_template
nanopore2_20160728_FNFAB24462_MN17024_sequencing_run_E_coli_K12_1D_R9_SpotOn_2_40525_ch438_read381_strand	fa19e73e-c4b9-4071-a4fd-1d85d9d53699_Basecall_Alignment_template
nanopore2_20160728_FNFAB24462_MN17024_sequencing_run_E_coli_K12_1D_R9_SpotOn_2_40525_ch348_read192_strand	e4c494bd-e287-4cf6-b9a4-ba88481fc2be_Basecall_Alignment_template
nanopore2_20160729_FNFAB24462_MN17024_sequencing_run_E_coli_K12_1D_R9_SpotOn_2_26075_ch414_read1321_strand	1e579d04-03e9-4468-95b2-93d55c9104e8_Basecall_Alignment_template
nanopore2_20160729_FNFAB24462_MN17024_sequencing_run_E_coli_K12_1D_R9_SpotOn_2_26075_ch379_read646_strand	86c979d1-5770-45db-8a73-f27f30861e91_Basecall_Alignment_template
nanopore2_20160728_FNFAB24462_MN17024_sequencing_run_E_coli_K12_1D_R9_SpotOn_2_66703_ch15_read13_strand	38ef42a5-a3e0-49d5-86ab-e7d018208a37_Basecall_Alignment_template
nanopore2_20160728_FNFAB24462_MN17024_sequencing_run_E_coli_K12_1D_R9_SpotOn_2_40525_ch48_read240_strand	e7d8f0f4-2de0-496c-83c5-c9129deb4e0a_Basecall_Alignment_template
nanopore2_20160729_FNFAB24462_MN17024_sequencing_run_E_coli_K12_1D_R9_SpotOn_2_95274_ch109_read2330_strand	3d016b78-6f14-4230-9707-f99c92d5f4ef_Basecall_Alignment_template
nanopore2_20160728_FNFAB24462_MN17024_sequencing_run_E_coli_K12_1D_R9_SpotOn_2_66703_ch92_read102_strand	2385ee02-3f01-4a17-ab62-7817b48a791d_Basecall_Alignment_template
nanopore2_20160728_FNFAB24462_MN17024_sequencing_run_E_coli_K12_1D_R9_SpotOn_2_66703_ch383_read319_strand	fa074b19-5c34-4102-ade8-dc22352edb23_Basecall_Alignment_template
nanopore2_20160729_FNFAB24462_MN17024_sequencing_run_E_coli_K12_1D_R9_SpotOn_2_26075_ch170_read944_strand1	003157f6-ea7b-48f6-9f17-b0da558e01cf_Basecall_Alignment_template
nanopore2_20160728_FNFAB24462_MN17024_sequencing_run_E_coli_K12_1D_R9_SpotOn_2_66703_ch399_read567_strand	ca64a0c4-47b3-4cfc-8fec-7c97ce09bcb0_Basecall_Alignment_template
nanopore2_20160729_FNFAB24462_MN17024_sequencing_run_E_coli_K12_1D_R9_SpotOn_2_26075_ch370_read968_strand	7b891966-e48e-4e87-b0a0-c14196482c9c_Basecall_Alignment_template
nanopore2_20160729_FNFAB24462_MN17024_sequencing_run_E_coli_K12_1D_R9_SpotOn_2_26075_ch186_read585_strand	303fe075-8dc6-4d55-ae4b-87b35b47fcd3_Basecall_Alignment_template
nanopore2_20160728_FNFAB24462_MN17024_sequencing_run_E_coli_K12_1D_R9_SpotOn_2_66703_ch376_read12_strand	93e93ad8-d48d-4915-a3fd-ce1749fb4ac0_Basecall_Alignment_template
nanopore2_20160729_FNFAB24462_MN17024_sequencing_run_E_coli_K12_1D_R9_SpotOn_2_26075_ch227_read1600_strand	e938c7fc-a954-4d21-a15b-1c20046f8a16_Basecall_Alignment_template
nanopore2_20160728_FNFAB24462_MN17024_sequencing_run_E_coli_K12_1D_R9_SpotOn_2_66703_ch89_read684_strand1	81ff2124-441f-4577-8d1a-d5670e625a42_Basecall_Alignment_template
nanopore2_20160729_FNFAB24462_MN17024_sequencing_run_E_coli_K12_1D_R9_SpotOn_2_95274_ch97_read1001_strand	d58e8525-9802-4431-a25a-e45bfdcc5fc8_Basecall_Alignment_template
nanopore2_20160728_FNFAB24462_MN17024_sequencing_run_E_coli_K12_1D_R9_SpotOn_2_66703_ch342_read236_strand	cd3bb7dd-4b83-4769-a9fa-38a89a7541dc_Basecall_Alignment_template
nanopore2_20160728_FNFAB24462_MN17024_sequencing_run_E_coli_K12_1D_R9_SpotOn_2_66703_ch432_read132_strand	c52b783c-10f5-4a45-9c2c-23803484dc21_Basecall_Alignment_template
nanopore2_20160729_FNFAB24462_MN17024_sequencing_run_E_coli_K12_1D_R9_SpotOn_2_26075_ch420_read284_strand	becf8f1f-fca4-4395-81c7-69c7aee80748_Basecall_Alignment_template
nanopore2_20160728_FNFAB24462_MN17024_sequencing_run_E_coli_K12_1D_R9_SpotOn_2_40525_ch18_read277_strand1	8cfecd0c-136d-4a1c-99e0-0be0cacaf93c_Basecall_Alignment_template
nanopore2_20160728_FNFAB24462_MN17024_sequencing_run_E_coli_K12_1D_R9_SpotOn_2_40525_ch386_read1914_strand	ac8a8d57-9aaa-4dca-b05d-4ce6b808b758_Basecall_Alignment_template
nanopore2_20160728_FNFAB24462_MN17024_sequencing_run_E_coli_K12_1D_R9_SpotOn_2_66703_ch190_read233_strand	e58dd3ba-8467-4a52-a199-95cd3f7f0075_Basecall_Alignment_template
nanopore2_20160728_FNFAB24462_MN17024_sequencing_run_E_coli_K12_1D_R9_SpotOn_2_66703_ch53_read317_strand	a9f130e1-7351-4925-a9fa-e9c5706de32e_Basecall_Alignment_template
nanopore2_20160728_FNFAB24462_MN17024_sequencing_run_E_coli_K12_1D_R9_SpotOn_2_66703_ch484_read8_strand	e0547161-1757-4e6f-93a0-387dffc51734_Basecall_Alignment_template
nanopore2_20160729_FNFAB24462_MN17024_sequencing_run_E_coli_K12_1D_R9_SpotOn_2_26075_ch255_read307_strand	ba6e4ed3-0674-4335-920f-7274e28ec2fc_Basecall_Alignment_template
nanopore2_20160729_FNFAB24462_MN17024_sequencing_run_E_coli_K12_1D_R9_SpotOn_2_95274_ch110_read668_strand	943520c3-9990-4981-b14f-d94a25829645_Basecall_Alignment_template
nanopore2_20160729_FNFAB24462_MN17024_sequencing_run_E_coli_K12_1D_R9_SpotOn_2_95274_ch446_read237_strand	1f78730d-7048-4e5a-b977-5f484dbacc07_Basecall_Alignment_template
nanopore2_20160728_FNFAB24462_MN17024_sequencing_run_E_coli_K12_1D_R9_SpotOn_2_66703_ch5_read401_strand	e2b5327b-ffff-4d13-b3d0-ebd6921cc18f_Basecall_Alignment_template
nanopore2_20160729_FNFAB24462_MN17024_sequencing_run_E_coli_K12_1D_R9_SpotOn_2_26075_ch79_read374_strand	ac23a74c-0592-4b3c-8914-0ef7fcf03bac_Basecall_Alignment_template
nanopore2_20160729_FNFAB24462_MN17024_sequencing_run_E_coli_K12_1D_R9_SpotOn_2_26075_ch44_read223_strand1	312d84ee-a121-4177-bc90-8c9efa2efddc_Basecall_Alignment_template
nanopore2_20160729_FNFAB24462_MN17024_sequencing_run_E_coli_K12_1D_R9_SpotOn_2_26075_ch271_read222_strand	723d5fd6-1dbd-46c9-932b-892bab82baa5_Basecall_Alignment_template
nanopore2_20160728_FNFAB24462_MN17024_sequencing_run_E_coli_K12_1D_R9_SpotOn_2_40525_ch189_read390_strand	229d7633-40ab-430f-9b4c-cf27845ecb44_Basecall_Alignment_template
nanopore2_20160729_FNFAB24462_MN17024_sequencing_run_E_coli_K12_1D_R9_SpotOn_2_95274_ch119_read403_strand	3be2c581-2f04-4e9a-8de0-a15ebf2f1f2d_Basecall_Alignment_template
nanopore2_20160728_FNFAB24462_MN17024_sequencing_run_E_coli_K12_1D_R9_SpotOn_2_40525_ch11_read248_strand	aa855cd3-7952-418c-9849-1fc144c09096_Basecall_Alignment_template
nanopore2_20160729_FNFAB24462_MN17024_sequencing_run_E_coli_K12_1D_R9_SpotOn_2_26075_ch162_read92_strand	874042a2-d60d-4745-b9e3-d8d14ce70d89_Basecall_Alignment_template
nanopore2_20160728_FNFAB24462_MN17024_sequencing_run_E_coli_K12_1D_R9_SpotOn_2_40525_ch481_read111_strand1	b60f30ec-3faa-4529-a4f0-1554e86322e5_Basecall_Alignment_template
nanopore2_20160729_FNFAB24462_MN17024_sequencing_run_E_coli_K12_1D_R9_SpotOn_2_26075_ch44_read196_strand	d823d2c2-ceb0-41af-a501-b828460db2b6_Basecall_Alignment_template
nanopore2_20160728_FNFAB24462_MN17024_sequencing_run_E_coli_K12_1D_R9_SpotOn_2_40525_ch136_read619_strand	5892e86e-1a71-4624-b045-112ea2c6fb19_Basecall_Alignment_template
nanopore2_20160728_FNFAB24462_MN17024_sequencing_run_E_coli_K12_1D_R9_SpotOn_2_66703_ch241_read321_strand1	8b18bbf8-e71b-47aa-a02b-2387f3c2ee88_Basecall_Alignment_template
nanopore2_20160729_FNFAB24462_MN17024_sequencing_run_E_coli_K12_1D_R9_SpotOn_2_58342_ch423_read520_strand	21e4733e-fb9f-4b59-876b-901bec98bf19_Basecall_Alignment_template
nanopore2_20160729_FNFAB24462_MN17024_sequencing_run_E_coli_K12_1D_R9_SpotOn_2_95274_ch13_read320_strand	d7b5e835-70e0-47d2-b5ac-e4bec534ae0a_Basecall_Alignment_template
nanopore2_20160728_FNFAB24462_MN17024_sequencing_run_E_coli_K12_1D_R9_SpotOn_2_66703_ch445_read19_strand1	d389151d-767b-4f61-9946-1176f34006f8_Basecall_Alignment_template
nanopore2_20160729_FNFAB24462_MN17024_sequencing_run_E_coli_K12_1D_R9_SpotOn_2_26075_ch496_read61_strand	eccb8f75-7e42-42c2-ad7b-bcfe69e0b10f_Basecall_Alignment_template
nanopore2_20160729_FNFAB24462_MN17024_sequencing_run_E_coli_K12_1D_R9_SpotOn_2_38623_ch43_read124_strand	c374f540-60e2-4f56-84e0-18b509ea8948_Basecall_Alignment_template
nanopore2_20160728_FNFAB24462_MN17024_sequencing_run_E_coli_K12_1D_R9_SpotOn_2_66703_ch371_read378_strand	0344a376-da8e-46e5-9f3f-9cfb1caada0a_Basecall_Alignment_template
nanopore2_20160728_FNFAB24462_MN17024_sequencing_run_E_coli_K12_1D_R9_SpotOn_2_66703_ch313_read622_strand	20d4d315-06ee-4d50-a6ab-d20ce7ade5de_Basecall_Alignment_template
nanopore2_20160728_FNFAB24462_MN17024_sequencing_run_E_coli_K12_1D_R9_SpotOn_2_40525_ch400_read218_strand	3f9132b5-7d61-4c2f-8389-34f149bdc36d_Basecall_Alignment_template
nanopore2_20160729_FNFAB24462_MN17024_sequencing_run_E_coli_K12_1D_R9_SpotOn_2_26075_ch301_read259_strand1	2b684cda-b5ba-4889-b147-c7666e559596_Basecall_Alignment_template
nanopore2_20160729_FNFAB24462_MN17024_sequencing_run_E_coli_K12_1D_R9_SpotOn_2_26075_ch85_read1501_strand	d9b735ea-3dd8-4687-9008-23e3780803cb_Basecall_Alignment_template
nanopore2_20160728_FNFAB24462_MN17024_sequencing_run_E_coli_K12_1D_R9_SpotOn_2_66703_ch74_read557_strand	e63e14ce-9921-4566-b0b8-2c84f7cb3390_Basecall_Alignment_template
nanopore2_20160729_FNFAB24462_MN17024_sequencing_run_E_coli_K12_1D_R9_SpotOn_2_26075_ch421_read91_strand	05be1d3a-f9cf-43c4-8468-790dcd01764f_Basecall_Alignment_template
nanopore2_20160728_FNFAB24462_MN17024_sequencing_run_E_coli_K12_1D_R9_SpotOn_2_66703_ch51_read698_strand	9847be47-2ff8-49da-b9f7-343d0a60ea5c_Basecall_Alignment_template
nanopore2_20160728_FNFAB24462_MN17024_sequencing_run_E_coli_K12_1D_R9_SpotOn_2_40525_ch325_read425_strand	7d0773e3-46c8-41b1-b084-f584fc4dc646_Basecall_Alignment_template
nanopore2_20160729_FNFAB24462_MN17024_sequencing_run_E_coli_K12_1D_R9_SpotOn_2_26075_ch48_read176_strand	a9e6cf92-7178-4c3c-9acf-352372a05e0a_Basecall_Alignment_template
nanopore2_20160729_FNFAB24462_MN17024_sequencing_run_E_coli_K12_1D_R9_SpotOn_2_26075_ch376_read700_strand	7eb351cb-1b36-4016-afd7-c04a3d0553ed_Basecall_Alignment_template
nanopore2_20160729_FNFAB24462_MN17024_sequencing_run_E_coli_K12_1D_R9_SpotOn_2_26075_ch309_read671_strand	912d55f8-b6bb-480d-9642-dd772009aad2_Basecall_Alignment_template
nanopore2_20160728_FNFAB24462_MN17024_sequencing_run_E_coli_K12_1D_R9_SpotOn_2_66703_ch298_read270_strand	b8421169-7a8b-4525-ac74-867fa37611c7_Basecall_Alignment_template
nanopore2_20160728_FNFAB24462_MN17024_sequencing_run_E_coli_K12_1D_R9_SpotOn_2_66703_ch70_read15593_strand	61d8bcaa-283f-4030-8aec-f807dd077a19_Basecall_Alignment_template
nanopore2_20160728_FNFAB24462_MN17024_sequencing_run_E_coli_K12_1D_R9_SpotOn_2_40525_ch183_read4_strand	e9af7b43-497e-479c-a034-8bdeec766ac5_Basecall_Alignment_template
nanopore2_20160728_FNFAB24462_MN17024_sequencing_run_E_coli_K12_1D_R9_SpotOn_2_66703_ch181_read639_strand	6a074dce-bf8f-4f0a-81f2-995bea3d83a3_Basecall_Alignment_template
nanopore2_20160729_FNFAB24462_MN17024_sequencing_run_E_coli_K12_1D_R9_SpotOn_2_95274_ch311_read2381_strand	a98d667b-8c5d-45c6-9025-f310fe417958_Basecall_Alignment_template
nanopore2_20160729_FNFAB24462_MN17024_sequencing_run_E_coli_K12_1D_R9_SpotOn_2_26075_ch233_read80_strand	faaeb1a8-3c49-4db5-8412-b1a0203b18ad_Basecall_Alignment_template
nanopore2_20160729_FNFAB24462_MN17024_sequencing_run_E_coli_K12_1D_R9_SpotOn_2_26075_ch162_read995_strand	13b6570b-6182-4728-af0f-96906d254195_Basecall_Alignment_template
nanopore2_20160728_FNFAB24462_MN17024_sequencing_run_E_coli_K12_1D_R9_SpotOn_2_40525_ch168_read240_strand	87b4eb0f-2edb-4a0a-9bd4-2baf6668d95d_Basecall_Alignment_template
nanopore2_20160728_FNFAB24462_MN17024_sequencing_run_E_coli_K12_1D_R9_SpotOn_2_66703_ch292_read298_strand	a397d4ef-d781-42e6-a5fa-cae0943b4381_Basecall_Alignment_template
nanopore2_20160728_FNFAB24462_MN17024_sequencing_run_E_coli_K12_1D_R9_SpotOn_2_66703_ch417_read350_strand	fae2390a-76d4-4b44-a23f-89bc7361b04d_Basecall_Alignment_template
nanopore2_20160728_FNFAB24462_MN17024_sequencing_run_E_coli_K12_1D_R9_SpotOn_2_40525_ch189_read107_strand	265d812b-130a-4c90-ba63-725dee8b4354_Basecall_Alignment_template
nanopore2_20160729_FNFAB24462_MN17024_sequencing_run_E_coli_K12_1D_R9_SpotOn_2_26075_ch378_read613_strand	d772931c-5c31-4990-a337-9daede2e1d7d_Basecall_Alignment_template
nanopore2_20160729_FNFAB24462_MN17024_sequencing_run_E_coli_K12_1D_R9_SpotOn_2_95274_ch359_read791_strand	fc71e678-a0c2-4568-92e5-0fcb311645fe_Basecall_Alignment_template
nanopore2_20160729_FNFAB24462_MN17024_sequencing_run_E_coli_K12_1D_R9_SpotOn_2_26075_ch358_read520_strand	edae71d4-75d9-4f0a-9f1c-4e4e375c2707_Basecall_Alignment_template
nanopore2_20160728_FNFAB24462_MN17024_sequencing_run_E_coli_K12_1D_R9_SpotOn_2_40525_ch65_read11_strand	c1986ee7-f233-41de-b134-d9c8737f96cf_Basecall_Alignment_template
nanopore2_20160728_FNFAB24462_MN17024_sequencing_run_E_coli_K12_1D_R9_SpotOn_2_66703_ch320_read100_strand	ff38b404-d8fc-46a6-abb8-f56e9355e1e6_Basecall_Alignment_template
nanopore2_20160729_FNFAB24462_MN17024_sequencing_run_E_coli_K12_1D_R9_SpotOn_2_38623_ch168_read234_strand	90a7a904-77ea-4540-a4f0-74bc96b9905c_Basecall_Alignment_template
nanopore2_20160729_FNFAB24462_MN17024_sequencing_run_E_coli_K12_1D_R9_SpotOn_2_26075_ch107_read590_strand	51b04a2a-ede9-48ad-b099-080a4512d84d_Basecall_Alignment_template
nanopore2_20160728_FNFAB24462_MN17024_sequencing_run_E_coli_K12_1D_R9_SpotOn_2_66703_ch249_read225_strand	d838f1ce-bfb7-4019-b696-b6d97df2f5a0_Basecall_Alignment_template
nanopore2_20160728_FNFAB24462_MN17024_sequencing_run_E_coli_K12_1D_R9_SpotOn_2_66703_ch84_read14_strand1	113dd74c-84e7-46e9-b934-70c07d51edc9_Basecall_Alignment_template
nanopore2_20160729_FNFAB24462_MN17024_sequencing_run_E_coli_K12_1D_R9_SpotOn_2_26075_ch182_read581_strand1	e6a7a1bc-600e-4dc0-92e5-0f0f11a82aff_Basecall_Alignment_template
nanopore2_20160729_FNFAB24462_MN17024_sequencing_run_E_coli_K12_1D_R9_SpotOn_2_58342_ch56_read379_strand	ae85eafe-2751-4275-8601-df8d3379a9ed_Basecall_Alignment_template
nanopore2_20160728_FNFAB24462_MN17024_sequencing_run_E_coli_K12_1D_R9_SpotOn_2_40525_ch191_read204_strand	2b4d623e-8743-4b59-9e1d-e00cc82a590a_Basecall_Alignment_template
nanopore2_20160728_FNFAB24462_MN17024_sequencing_run_E_coli_K12_1D_R9_SpotOn_2_66703_ch500_read214_strand	ccaf7e55-2644-4a06-901e-4c5de3dc5024_Basecall_Alignment_template
nanopore2_20160729_FNFAB24462_MN17024_sequencing_run_E_coli_K12_1D_R9_SpotOn_2_26075_ch124_read1034_strand	9942448d-d6f9-458e-bd0e-b9f16f6d6768_Basecall_Alignment_template
nanopore2_20160729_FNFAB24462_MN17024_sequencing_run_E_coli_K12_1D_R9_SpotOn_2_95274_ch251_read2266_strand	a48e8cdc-301d-4b00-8b5f-e164c37c1afb_Basecall_Alignment_template
nanopore2_20160728_FNFAB24462_MN17024_sequencing_run_E_coli_K12_1D_R9_SpotOn_2_40525_ch55_read94_strand	875b90f9-1fc9-4291-9547-71759ee2f629_Basecall_Alignment_template
nanopore2_20160729_FNFAB24462_MN17024_sequencing_run_E_coli_K12_1D_R9_SpotOn_2_26075_ch264_read175_strand	7d6b114d-7dfd-46a5-a0a3-d7b7553d8860_Basecall_Alignment_template
nanopore2_20160729_FNFAB24462_MN17024_sequencing_run_E_coli_K12_1D_R9_SpotOn_2_95274_ch11_read3907_strand	7c5050b7-d865-460f-b8e5-cdbe8327df53_Basecall_Alignment_template
nanopore2_20160728_FNFAB24462_MN17024_sequencing_run_E_coli_K12_1D_R9_SpotOn_2_40525_ch288_read304_strand	1c9aeeeb-9860-4618-a7b8-59a56988e084_Basecall_Alignment_template
nanopore2_20160729_FNFAB24462_MN17024_sequencing_run_E_coli_K12_1D_R9_SpotOn_2_95274_ch375_read1918_strand	2f4b67d4-bbe8-41b0-b49f-be1dee1b6eb2_Basecall_Alignment_template
nanopore2_20160729_FNFAB24462_MN17024_sequencing_run_E_coli_K12_1D_R9_SpotOn_2_26075_ch187_read184_strand	2beb8055-90b4-44c6-9a93-467f7a9e8d12_Basecall_Alignment_template
nanopore2_20160728_FNFAB24462_MN17024_sequencing_run_E_coli_K12_1D_R9_SpotOn_2_40525_ch324_read202_strand	86700608-5795-44b8-8feb-69312151f845_Basecall_Alignment_template
nanopore2_20160728_FNFAB24462_MN17024_sequencing_run_E_coli_K12_1D_R9_SpotOn_2_66703_ch83_read51_strand	aaef4691-c5c3-4ca9-94a8-64affb6cd7d2_Basecall_Alignment_template
nanopore2_20160728_FNFAB24462_MN17024_sequencing_run_E_coli_K12_1D_R9_SpotOn_2_66703_ch124_read96_strand	33046c8c-f4cb-4dcd-88c3-7c0cd3ab1efd_Basecall_Alignment_template
nanopore2_20160729_FNFAB24462_MN17024_sequencing_run_E_coli_K12_1D_R9_SpotOn_2_95274_ch474_read1244_strand	c4217f75-9671-413a-8911-37a1198c98d9_Basecall_Alignment_template
nanopore2_20160728_FNFAB24462_MN17024_sequencing_run_E_coli_K12_1D_R9_SpotOn_2_40525_ch108_read380_strand	62225cef-b861-41e3-ae4a-a07be36c952d_Basecall_Alignment_template
nanopore2_20160728_FNFAB24462_MN17024_sequencing_run_E_coli_K12_1D_R9_SpotOn_2_40525_ch115_read368_strand	93a32b53-1919-4103-af60-bacb48f1ca98_Basecall_Alignment_template
nanopore2_20160729_FNFAB24462_MN17024_sequencing_run_E_coli_K12_1D_R9_SpotOn_2_95274_ch313_read14_strand	7ce796df-44ef-4565-9b4c-8bc54fb03fa6_Basecall_Alignment_template
nanopore2_20160729_FNFAB24462_MN17024_sequencing_run_E_coli_K12_1D_R9_SpotOn_2_95274_ch439_read1250_strand	f4489d46-97f2-48f4-bb10-efacc1c4d61f_Basecall_Alignment_template
nanopore2_20160728_FNFAB24462_MN17024_sequencing_run_E_coli_K12_1D_R9_SpotOn_2_66703_ch452_read193_strand	272364d6-ae24-46be-9197-73726b0b1db7_Basecall_Alignment_template
nanopore2_20160728_FNFAB24462_MN17024_sequencing_run_E_coli_K12_1D_R9_SpotOn_2_40525_ch290_read624_strand	e5173e30-0960-4d3a-87f9-cfcdbbd2873c_Basecall_Alignment_template
nanopore2_20160729_FNFAB24462_MN17024_sequencing_run_E_coli_K12_1D_R9_SpotOn_2_26075_ch372_read809_strand	9b52e2f3-6a73-41b2-a832-3b34fa72d0d8_Basecall_Alignment_template
nanopore2_20160729_FNFAB24462_MN17024_sequencing_run_E_coli_K12_1D_R9_SpotOn_2_26075_ch505_read2252_strand	ba0541cc-3970-4020-9850-9202fb41b1cc_Basecall_Alignment_template
nanopore2_20160729_FNFAB24462_MN17024_sequencing_run_E_coli_K12_1D_R9_SpotOn_2_95274_ch252_read33926_strand	9d3c9b3a-cb27-49e6-9218-873888075852_Basecall_Alignment_template
nanopore2_20160728_FNFAB24462_MN17024_sequencing_run_E_coli_K12_1D_R9_SpotOn_2_66703_ch173_read387_strand	9c04ebd1-d0ed-4a04-9d11-1ca66378dc10_Basecall_Alignment_template
nanopore2_20160729_FNFAB24462_MN17024_sequencing_run_E_coli_K12_1D_R9_SpotOn_2_38623_ch277_read448_strand	c8079add-9cae-47d8-a0b0-ebf06a2e4486_Basecall_Alignment_template
nanopore2_20160728_FNFAB24462_MN17024_sequencing_run_E_coli_K12_1D_R9_SpotOn_2_66703_ch161_read191_strand	710833a5-700b-4d79-a859-e44149937842_Basecall_Alignment_template
nanopore2_20160729_FNFAB24462_MN17024_sequencing_run_E_coli_K12_1D_R9_SpotOn_2_26075_ch47_read221_strand	c3ddec81-7ab0-4383-8541-78bf2c4b237b_Basecall_Alignment_template
nanopore2_20160728_FNFAB24462_MN17024_sequencing_run_E_coli_K12_1D_R9_SpotOn_2_66703_ch26_read69_strand	cbee8b50-e79b-4ee2-934e-35d7faf9ff78_Basecall_Alignment_template
nanopore2_20160729_FNFAB24462_MN17024_sequencing_run_E_coli_K12_1D_R9_SpotOn_2_95274_ch234_read113_strand	5fa70e0d-e0d0-49d0-b1e9-bdc8a0010873_Basecall_Alignment_template
nanopore2_20160729_FNFAB24462_MN17024_sequencing_run_E_coli_K12_1D_R9_SpotOn_2_26075_ch162_read1001_strand1	8e1845d7-9d01-460b-ac08-76ae35890005_Basecall_Alignment_template
nanopore2_20160728_FNFAB24462_MN17024_sequencing_run_E_coli_K12_1D_R9_SpotOn_2_66703_ch328_read401_strand	7d800bfd-f5c5-4286-b9f6-fa99dbb3a592_Basecall_Alignment_template
nanopore2_20160728_FNFAB24462_MN17024_sequencing_run_E_coli_K12_1D_R9_SpotOn_2_66703_ch438_read296_strand1	45e28923-5b91-497d-b35b-da6338ae8892_Basecall_Alignment_template
nanopore2_20160728_FNFAB24462_MN17024_sequencing_run_E_coli_K12_1D_R9_SpotOn_2_66703_ch500_read263_strand	6488eb7f-deae-475f-b0c2-6a8fb89b127f_Basecall_Alignment_template
nanopore2_20160728_FNFAB24462_MN17024_sequencing_run_E_coli_K12_1D_R9_SpotOn_2_40525_ch48_read129_strand	98a66595-e43e-4493-a6b5-5de53d3deb0c_Basecall_Alignment_template
nanopore2_20160728_FNFAB24462_MN17024_sequencing_run_E_coli_K12_1D_R9_SpotOn_2_66703_ch182_read716_strand1	2224e4b7-86d2-4ab8-b2ac-ab3a021e0f28_Basecall_Alignment_template
nanopore2_20160728_FNFAB24462_MN17024_sequencing_run_E_coli_K12_1D_R9_SpotOn_2_66703_ch362_read275_strand1	cc75c895-e456-454c-8cc9-a6d6bd9c413d_Basecall_Alignment_template
nanopore2_20160729_FNFAB24462_MN17024_sequencing_run_E_coli_K12_1D_R9_SpotOn_2_95274_ch227_read1752_strand	3d0b8c2b-ebf1-4094-af35-2202cdc307c4_Basecall_Alignment_template
nanopore2_20160729_FNFAB24462_MN17024_sequencing_run_E_coli_K12_1D_R9_SpotOn_2_95274_ch402_read941_strand	aed2d0da-dbaa-4dd5-ace3-218f8e0936ea_Basecall_Alignment_template
nanopore2_20160728_FNFAB24462_MN17024_sequencing_run_E_coli_K12_1D_R9_SpotOn_2_40525_ch49_read33_strand	d4099c01-55a8-4cdf-b861-a60e73eee049_Basecall_Alignment_template
nanopore2_20160728_FNFAB24462_MN17024_sequencing_run_E_coli_K12_1D_R9_SpotOn_2_40525_ch469_read364_strand	b9e90283-37aa-4673-8be8-3ad4ee48631b_Basecall_Alignment_template
nanopore2_20160728_FNFAB24462_MN17024_sequencing_run_E_coli_K12_1D_R9_SpotOn_2_66703_ch182_read492_strand	08df065e-90a1-4a0e-bd68-b77882c04996_Basecall_Alignment_template
nanopore2_20160729_FNFAB24462_MN17024_sequencing_run_E_coli_K12_1D_R9_SpotOn_2_58342_ch300_read529_strand	49bae86c-c6ab-435e-b7af-aaf8c916a4c3_Basecall_Alignment_template
nanopore2_20160728_FNFAB24462_MN17024_sequencing_run_E_coli_K12_1D_R9_SpotOn_2_40525_ch152_read204_strand	f7eda0b2-37c1-4d6c-b642-7888371191d9_Basecall_Alignment_template
nanopore2_20160728_FNFAB24462_MN17024_sequencing_run_E_coli_K12_1D_R9_SpotOn_2_40525_ch485_read180_strand	46b9853f-ade7-48d5-81e0-0736a18948db_Basecall_Alignment_template
nanopore2_20160728_FNFAB24462_MN17024_sequencing_run_E_coli_K12_1D_R9_SpotOn_2_40525_ch163_read11_strand	9b75fb60-17fa-44b9-9af4-ffe1f17eb412_Basecall_Alignment_template
nanopore2_20160729_FNFAB24462_MN17024_sequencing_run_E_coli_K12_1D_R9_SpotOn_2_26075_ch487_read533_strand	ad61b534-4182-45fd-8414-ed4184455347_Basecall_Alignment_template
nanopore2_20160729_FNFAB24462_MN17024_sequencing_run_E_coli_K12_1D_R9_SpotOn_2_26075_ch464_read100_strand	5fe98bf1-7dfa-493b-8ed7-5a33d2f2b2aa_Basecall_Alignment_template
nanopore2_20160728_FNFAB24462_MN17024_sequencing_run_E_coli_K12_1D_R9_SpotOn_2_66703_ch104_read121_strand	53da6808-9869-403c-af7c-e99ea225c1e7_Basecall_Alignment_template
nanopore2_20160728_FNFAB24462_MN17024_sequencing_run_E_coli_K12_1D_R9_SpotOn_2_40525_ch70_read585_strand	a11d4c31-c01e-47df-8c14-0a3a40a31852_Basecall_Alignment_template
nanopore2_20160728_FNFAB24462_MN17024_sequencing_run_E_coli_K12_1D_R9_SpotOn_2_66703_ch89_read552_strand	0f4e0377-a2c2-4ba3-b855-dfc714431ef9_Basecall_Alignment_template
nanopore2_20160728_FNFAB24462_MN17024_sequencing_run_E_coli_K12_1D_R9_SpotOn_2_66703_ch95_read84_strand	66a895f2-1888-4a2b-b18a-2e91e55d1cf0_Basecall_Alignment_template
nanopore2_20160729_FNFAB24462_MN17024_sequencing_run_E_coli_K12_1D_R9_SpotOn_2_95274_ch151_read1434_strand	b1354727-3067-4b56-9f22-dd5b02d065f1_Basecall_Alignment_template
nanopore2_20160729_FNFAB24462_MN17024_sequencing_run_E_coli_K12_1D_R9_SpotOn_2_58342_ch183_read41_strand	dde041f2-526d-4926-bc75-267fbb541b4a_Basecall_Alignment_template
nanopore2_20160729_FNFAB24462_MN17024_sequencing_run_E_coli_K12_1D_R9_SpotOn_2_26075_ch109_read872_strand	eef0db55-ee08-489d-8394-d828fe92fd50_Basecall_Alignment_template
nanopore2_20160728_FNFAB24462_MN17024_sequencing_run_E_coli_K12_1D_R9_SpotOn_2_66703_ch222_read6751_strand	8188720e-59af-48be-a123-92a68fa73072_Basecall_Alignment_template
nanopore2_20160728_FNFAB24462_MN17024_sequencing_run_E_coli_K12_1D_R9_SpotOn_2_66703_ch200_read844_strand1	bd748c24-1536-440f-8043-0c7286f290f5_Basecall_Alignment_template
nanopore2_20160728_FNFAB24462_MN17024_sequencing_run_E_coli_K12_1D_R9_SpotOn_2_40525_ch140_read571_strand	f431cf75-e063-4bbb-a86d-147c76aaf93f_Basecall_Alignment_template
nanopore2_20160728_FNFAB24462_MN17024_sequencing_run_E_coli_K12_1D_R9_SpotOn_2_66703_ch390_read654_strand	8a9416a5-c913-427f-96ea-9c62d9ad8250_Basecall_Alignment_template
nanopore2_20160729_FNFAB24462_MN17024_sequencing_run_E_coli_K12_1D_R9_SpotOn_2_26075_ch21_read745_strand	26bb3b91-5d51-49d2-bbfa-364bbc44d1d0_Basecall_Alignment_template
nanopore2_20160728_FNFAB24462_MN17024_sequencing_run_E_coli_K12_1D_R9_SpotOn_2_66703_ch494_read384_strand	6684b55f-7db2-41f4-ad26-e1678acb1a5b_Basecall_Alignment_template
nanopore2_20160729_FNFAB24462_MN17024_sequencing_run_E_coli_K12_1D_R9_SpotOn_2_95274_ch406_read1002_strand	c9914b61-9427-4681-84b8-6f5d5ffb92e9_Basecall_Alignment_template
nanopore2_20160729_FNFAB24462_MN17024_sequencing_run_E_coli_K12_1D_R9_SpotOn_2_26075_ch246_read135_strand	1238a0e1-b774-4150-a135-6ada22cf8225_Basecall_Alignment_template
nanopore2_20160729_FNFAB24462_MN17024_sequencing_run_E_coli_K12_1D_R9_SpotOn_2_38623_ch139_read9_strand	2a815f4e-ba79-4609-b54a-74cb06933966_Basecall_Alignment_template
nanopore2_20160729_FNFAB24462_MN17024_sequencing_run_E_coli_K12_1D_R9_SpotOn_2_95274_ch423_read936_strand	615f15e3-fd8a-4dde-8a0f-a51f2d587f35_Basecall_Alignment_template
nanopore2_20160729_FNFAB24462_MN17024_sequencing_run_E_coli_K12_1D_R9_SpotOn_2_95274_ch169_read1989_strand	ea7cbfa0-6cb2-4d85-b477-e16e7ffabd51_Basecall_Alignment_template
nanopore2_20160728_FNFAB24462_MN17024_sequencing_run_E_coli_K12_1D_R9_SpotOn_2_66703_ch220_read497_strand	eaa24164-58a4-4120-bde0-e49d705702e6_Basecall_Alignment_template
nanopore2_20160729_FNFAB24462_MN17024_sequencing_run_E_coli_K12_1D_R9_SpotOn_2_26075_ch383_read21_strand	44388594-a399-436c-aa59-926dfe867dc8_Basecall_Alignment_template
nanopore2_20160729_FNFAB24462_MN17024_sequencing_run_E_coli_K12_1D_R9_SpotOn_2_38623_ch106_read750_strand	e528dd15-1a4d-4d93-8955-135fcad82842_Basecall_Alignment_template
nanopore2_20160728_FNFAB24462_MN17024_sequencing_run_E_coli_K12_1D_R9_SpotOn_2_66703_ch486_read26_strand	dbfe6cc3-ce05-4f90-9628-06dd9c02edc8_Basecall_Alignment_template
nanopore2_20160728_FNFAB24462_MN17024_sequencing_run_E_coli_K12_1D_R9_SpotOn_2_66703_ch197_read296_strand	2fe95efd-334a-496a-8f87-a3fd325877f4_Basecall_Alignment_template
nanopore2_20160729_FNFAB24462_MN17024_sequencing_run_E_coli_K12_1D_R9_SpotOn_2_95274_ch293_read314_strand	130d05a6-c521-462d-97e7-2dfd695ec03b_Basecall_Alignment_template
nanopore2_20160729_FNFAB24462_MN17024_sequencing_run_E_coli_K12_1D_R9_SpotOn_2_26075_ch99_read1369_strand1	e18e04fe-3f42-4412-8dff-0c37b734db9e_Basecall_Alignment_template
nanopore2_20160728_FNFAB24462_MN17024_sequencing_run_E_coli_K12_1D_R9_SpotOn_2_40525_ch408_read329_strand	44f97f2b-5941-48ae-8779-aeca2068745a_Basecall_Alignment_template
nanopore2_20160729_FNFAB24462_MN17024_sequencing_run_E_coli_K12_1D_R9_SpotOn_2_26075_ch353_read316_strand	178d260d-1eda-4d6a-bbb1-542b9ef38e1b_Basecall_Alignment_template
nanopore2_20160728_FNFAB24462_MN17024_sequencing_run_E_coli_K12_1D_R9_SpotOn_2_66703_ch262_read1346_strand	6baeb95b-0cf9-4a20-b93a-f6772a56ef5d_Basecall_Alignment_template
nanopore2_20160728_FNFAB24462_MN17024_sequencing_run_E_coli_K12_1D_R9_SpotOn_2_40525_ch98_read128_strand	96724446-2c22-41d4-8c13-a18a45aef61b_Basecall_Alignment_template
nanopore2_20160728_FNFAB24462_MN17024_sequencing_run_E_coli_K12_1D_R9_SpotOn_2_66703_ch252_read773_strand	d2f9ea00-d199-49d3-aa56-997a7f022899_Basecall_Alignment_template
nanopore2_20160729_FNFAB24462_MN17024_sequencing_run_E_coli_K12_1D_R9_SpotOn_2_26075_ch49_read36_strand1	7d7c8da1-5ecf-4733-8e43-f3e16d0a1e56_Basecall_Alignment_template
nanopore2_20160729_FNFAB24462_MN17024_sequencing_run_E_coli_K12_1D_R9_SpotOn_2_26075_ch289_read817_strand	3b0a23c4-acc8-422c-b368-6209bf58bf82_Basecall_Alignment_template
nanopore2_20160729_FNFAB24462_MN17024_sequencing_run_E_coli_K12_1D_R9_SpotOn_2_95274_ch490_read1520_strand	4bd9864e-0745-426a-aa76-015d6933bef3_Basecall_Alignment_template
nanopore2_20160729_FNFAB24462_MN17024_sequencing_run_E_coli_K12_1D_R9_SpotOn_2_26075_ch372_read437_strand	f18d6dbb-14ba-4803-814d-9995728a5253_Basecall_Alignment_template
nanopore2_20160728_FNFAB24462_MN17024_sequencing_run_E_coli_K12_1D_R9_SpotOn_2_66703_ch246_read559_strand	4ed51a91-d3b3-4c06-b526-e4eff1d413db_Basecall_Alignment_template
nanopore2_20160729_FNFAB24462_MN17024_sequencing_run_E_coli_K12_1D_R9_SpotOn_2_26075_ch448_read708_strand	7d7c505e-0f24-40c5-9a77-e73729d574fd_Basecall_Alignment_template
nanopore2_20160728_FNFAB24462_MN17024_sequencing_run_E_coli_K12_1D_R9_SpotOn_2_66703_ch76_read206_strand	bf84928a-89a1-4282-a114-44a4e3bf398c_Basecall_Alignment_template
nanopore2_20160729_FNFAB24462_MN17024_sequencing_run_E_coli_K12_1D_R9_SpotOn_2_26075_ch118_read356_strand	06091900-8583-4530-a08b-304ad05e0337_Basecall_Alignment_template
nanopore2_20160728_FNFAB24462_MN17024_sequencing_run_E_coli_K12_1D_R9_SpotOn_2_66703_ch466_read1018_strand	37dffbec-2ec4-42de-acd5-39f56c4a92e2_Basecall_Alignment_template
nanopore2_20160729_FNFAB24462_MN17024_sequencing_run_E_coli_K12_1D_R9_SpotOn_2_26075_ch208_read191_strand	80ca5b6e-c214-4c92-8f9e-5db521691a38_Basecall_Alignment_template
nanopore2_20160729_FNFAB24462_MN17024_sequencing_run_E_coli_K12_1D_R9_SpotOn_2_26075_ch140_read392_strand	5dafbd53-b7e9-43bf-be69-86760c69734b_Basecall_Alignment_template
nanopore2_20160728_FNFAB24462_MN17024_sequencing_run_E_coli_K12_1D_R9_SpotOn_2_40525_ch128_read193_strand	a6dd2e76-5d0f-43ff-97af-711e17f840a1_Basecall_Alignment_template
nanopore2_20160728_FNFAB24462_MN17024_sequencing_run_E_coli_K12_1D_R9_SpotOn_2_40525_ch485_read773_strand	36f4b8c2-dba4-4ea1-a6ab-6c4a939d6c7e_Basecall_Alignment_template
nanopore2_20160729_FNFAB24462_MN17024_sequencing_run_E_coli_K12_1D_R9_SpotOn_2_26075_ch293_read310_strand	60354f35-f5d5-4918-85c9-1b8e025f1417_Basecall_Alignment_template
nanopore2_20160728_FNFAB24462_MN17024_sequencing_run_E_coli_K12_1D_R9_SpotOn_2_40525_ch337_read386_strand	36d49bf6-9acb-43ec-8817-834205aaf3c8_Basecall_Alignment_template
nanopore2_20160729_FNFAB24462_MN17024_sequencing_run_E_coli_K12_1D_R9_SpotOn_2_26075_ch3_read194_strand	47730864-f047-4dd6-96c9-8925ee641b5f_Basecall_Alignment_template
nanopore2_20160728_FNFAB24462_MN17024_sequencing_run_E_coli_K12_1D_R9_SpotOn_2_66703_ch220_read266_strand	3c2d1979-fbba-4d5b-8b98-5fa422da3c57_Basecall_Alignment_template
nanopore2_20160728_FNFAB24462_MN17024_sequencing_run_E_coli_K12_1D_R9_SpotOn_2_40525_ch86_read76_strand	a6c4b45b-dc4e-4d78-8e0d-37c3630b0fc3_Basecall_Alignment_template
nanopore2_20160728_FNFAB24462_MN17024_sequencing_run_E_coli_K12_1D_R9_SpotOn_2_40525_ch432_read254_strand	23ab6ee5-55d8-4499-8be3-bd88901eb296_Basecall_Alignment_template
nanopore2_20160728_FNFAB24462_MN17024_sequencing_run_E_coli_K12_1D_R9_SpotOn_2_40525_ch30_read392_strand	fae38ba0-c36d-4340-ab8e-f0934d7d0e92_Basecall_Alignment_template
nanopore2_20160729_FNFAB24462_MN17024_sequencing_run_E_coli_K12_1D_R9_SpotOn_2_95274_ch70_read12607_strand	c8ec4a3a-cb47-48eb-b0ea-45b5d8de6f77_Basecall_Alignment_template
nanopore2_20160728_FNFAB24462_MN17024_sequencing_run_E_coli_K12_1D_R9_SpotOn_2_40525_ch399_read84_strand	1dead010-2277-4600-b8a3-fcd5c5898afa_Basecall_Alignment_template
nanopore2_20160729_FNFAB24462_MN17024_sequencing_run_E_coli_K12_1D_R9_SpotOn_2_26075_ch36_read1785_strand	58a81279-790d-439b-b0e4-2be4ba790d16_Basecall_Alignment_template
nanopore2_20160728_FNFAB24462_MN17024_sequencing_run_E_coli_K12_1D_R9_SpotOn_2_66703_ch317_read52_strand	b7446bb8-8f27-47cf-b38a-02fffaa93789_Basecall_Alignment_template
nanopore2_20160728_FNFAB24462_MN17024_sequencing_run_E_coli_K12_1D_R9_SpotOn_2_66703_ch178_read398_strand	4ac07733-adf2-4fb3-b5f7-b95d5f6a0b76_Basecall_Alignment_template
nanopore2_20160728_FNFAB24462_MN17024_sequencing_run_E_coli_K12_1D_R9_SpotOn_2_66703_ch466_read638_strand	dc8edc73-8d60-46de-b49c-618ba9fbc866_Basecall_Alignment_template
nanopore2_20160729_FNFAB24462_MN17024_sequencing_run_E_coli_K12_1D_R9_SpotOn_2_26075_ch176_read142_strand	b8df777f-661e-4a45-939a-7201478ecef8_Basecall_Alignment_template
nanopore2_20160728_FNFAB24462_MN17024_sequencing_run_E_coli_K12_1D_R9_SpotOn_2_40525_ch365_read47_strand	95aff38a-140a-49b9-bba2-b0266fae4b25_Basecall_Alignment_template
nanopore2_20160728_FNFAB24462_MN17024_sequencing_run_E_coli_K12_1D_R9_SpotOn_2_66703_ch199_read586_strand	719da88d-1f2c-4f57-992b-3cb82fee272c_Basecall_Alignment_template
nanopore2_20160728_FNFAB24462_MN17024_sequencing_run_E_coli_K12_1D_R9_SpotOn_2_66703_ch183_read555_strand	33c40611-f8c0-4717-98a8-4ca5c254aed1_Basecall_Alignment_template
nanopore2_20160728_FNFAB24462_MN17024_sequencing_run_E_coli_K12_1D_R9_SpotOn_2_66703_ch79_read463_strand	c716ce15-711e-4738-a7f1-b23d63847347_Basecall_Alignment_template
nanopore2_20160729_FNFAB24462_MN17024_sequencing_run_E_coli_K12_1D_R9_SpotOn_2_26075_ch417_read67_strand1	5b41df29-c99a-4479-ae66-420fd70bd375_Basecall_Alignment_template
nanopore2_20160729_FNFAB24462_MN17024_sequencing_run_E_coli_K12_1D_R9_SpotOn_2_95274_ch285_read1100_strand	985f2e89-b7f4-4e65-afc7-cf9cd4aaaa8c_Basecall_Alignment_template
nanopore2_20160729_FNFAB24462_MN17024_sequencing_run_E_coli_K12_1D_R9_SpotOn_2_26075_ch95_read883_strand	f722f66b-44df-4a0e-bd9c-865d756f882d_Basecall_Alignment_template
nanopore2_20160729_FNFAB24462_MN17024_sequencing_run_E_coli_K12_1D_R9_SpotOn_2_95274_ch63_read1072_strand	3cff8ef1-abaa-4b2e-a637-2ea3a0c2a4c1_Basecall_Alignment_template
nanopore2_20160729_FNFAB24462_MN17024_sequencing_run_E_coli_K12_1D_R9_SpotOn_2_95274_ch362_read1707_strand1	a6380b24-ba17-4e46-a072-8a0b98881047_Basecall_Alignment_template
nanopore2_20160729_FNFAB24462_MN17024_sequencing_run_E_coli_K12_1D_R9_SpotOn_2_95274_ch440_read711_strand1	8cac5a95-cf6f-4950-802d-f580cd0c51f9_Basecall_Alignment_template
nanopore2_20160728_FNFAB24462_MN17024_sequencing_run_E_coli_K12_1D_R9_SpotOn_2_40525_ch121_read404_strand	09b359da-6024-485e-a36a-37633cbc3b2a_Basecall_Alignment_template
nanopore2_20160728_FNFAB24462_MN17024_sequencing_run_E_coli_K12_1D_R9_SpotOn_2_40525_ch140_read258_strand	107f68bf-4592-4453-9ac5-1e118984bfb2_Basecall_Alignment_template
nanopore2_20160729_FNFAB24462_MN17024_sequencing_run_E_coli_K12_1D_R9_SpotOn_2_26075_ch358_read415_strand	555424e8-ab96-4d46-80da-c56c1025978e_Basecall_Alignment_template
nanopore2_20160729_FNFAB24462_MN17024_sequencing_run_E_coli_K12_1D_R9_SpotOn_2_26075_ch271_read136_strand	cb3bb1d4-c3c7-40f0-bd13-fa585128cc3b_Basecall_Alignment_template
nanopore2_20160729_FNFAB24462_MN17024_sequencing_run_E_coli_K12_1D_R9_SpotOn_2_58342_ch61_read55_strand	8ff9cf91-a7db-43e1-a498-90165a8eeaf8_Basecall_Alignment_template
nanopore2_20160729_FNFAB24462_MN17024_sequencing_run_E_coli_K12_1D_R9_SpotOn_2_26075_ch491_read355_strand1	c8549d0d-e02c-459a-8b4c-53573ec8b6c5_Basecall_Alignment_template
nanopore2_20160728_FNFAB24462_MN17024_sequencing_run_E_coli_K12_1D_R9_SpotOn_2_66703_ch250_read268_strand	140cb4be-8fa5-4bc5-b746-c009faa532d6_Basecall_Alignment_template
nanopore2_20160728_FNFAB24462_MN17024_sequencing_run_E_coli_K12_1D_R9_SpotOn_2_40525_ch357_read1163_strand	a5a5cad8-ce85-4c0e-8a8d-e661c7b5444f_Basecall_Alignment_template
nanopore2_20160729_FNFAB24462_MN17024_sequencing_run_E_coli_K12_1D_R9_SpotOn_2_26075_ch255_read161_strand	c8279a20-c1ec-4eeb-a2f2-0263017bbf10_Basecall_Alignment_template
nanopore2_20160728_FNFAB24462_MN17024_sequencing_run_E_coli_K12_1D_R9_SpotOn_2_40525_ch441_read60_strand	4c242d3c-8b59-431a-9a0e-4884b3b4af63_Basecall_Alignment_template
nanopore2_20160728_FNFAB24462_MN17024_sequencing_run_E_coli_K12_1D_R9_SpotOn_2_40525_ch472_read100_strand	c9513f7b-0282-44cd-8dae-2cad05a92203_Basecall_Alignment_template
nanopore2_20160728_FNFAB24462_MN17024_sequencing_run_E_coli_K12_1D_R9_SpotOn_2_40525_ch9_read402_strand1	dbfe2941-f47f-4654-860e-35def8cd7411_Basecall_Alignment_template
nanopore2_20160729_FNFAB24462_MN17024_sequencing_run_E_coli_K12_1D_R9_SpotOn_2_26075_ch429_read83_strand	676302ea-d9cd-4af0-a457-6f437bd91993_Basecall_Alignment_template
nanopore2_20160728_FNFAB24462_MN17024_sequencing_run_E_coli_K12_1D_R9_SpotOn_2_40525_ch166_read820_strand	57e89454-211d-46cf-ac31-090e8aa4fe20_Basecall_Alignment_template
nanopore2_20160728_FNFAB24462_MN17024_sequencing_run_E_coli_K12_1D_R9_SpotOn_2_66703_ch319_read106_strand1	bdf0db7d-8c72-4130-b668-9388c8fa21c8_Basecall_Alignment_template
nanopore2_20160728_FNFAB24462_MN17024_sequencing_run_E_coli_K12_1D_R9_SpotOn_2_40525_ch506_read483_strand	c7f1b368-fbb6-44a8-95ef-f4b9bcf89ec2_Basecall_Alignment_template
nanopore2_20160728_FNFAB24462_MN17024_sequencing_run_E_coli_K12_1D_R9_SpotOn_2_40525_ch464_read187_strand1	b2a9acf5-5f22-4a3a-8bfc-175e5057f54d_Basecall_Alignment_template
nanopore2_20160728_FNFAB24462_MN17024_sequencing_run_E_coli_K12_1D_R9_SpotOn_2_40525_ch104_read312_strand	af280e4b-d7b7-43e3-9f4d-ff3ea6c3bc82_Basecall_Alignment_template
nanopore2_20160728_FNFAB24462_MN17024_sequencing_run_E_coli_K12_1D_R9_SpotOn_2_66703_ch486_read776_strand	298d238d-d299-457c-af1e-a2fb52799263_Basecall_Alignment_template
nanopore2_20160728_FNFAB24462_MN17024_sequencing_run_E_coli_K12_1D_R9_SpotOn_2_40525_ch500_read189_strand	09e22492-5529-4f38-88db-e86ed3280132_Basecall_Alignment_template
nanopore2_20160728_FNFAB24462_MN17024_sequencing_run_E_coli_K12_1D_R9_SpotOn_2_40525_ch465_read242_strand	1a827a0c-eeda-4a0d-adca-3909991a3243_Basecall_Alignment_template
nanopore2_20160729_FNFAB24462_MN17024_sequencing_run_E_coli_K12_1D_R9_SpotOn_2_95274_ch253_read533_strand	f145c239-b016-4cfb-9f20-092349710742_Basecall_Alignment_template
nanopore2_20160728_FNFAB24462_MN17024_sequencing_run_E_coli_K12_1D_R9_SpotOn_2_66703_ch405_read174_strand	ed4af12c-bec5-4213-8ca4-620c0b3e4d64_Basecall_Alignment_template
nanopore2_20160729_FNFAB24462_MN17024_sequencing_run_E_coli_K12_1D_R9_SpotOn_2_38623_ch106_read738_strand	07ca6998-6f81-4080-bd80-b5dc68884769_Basecall_Alignment_template
nanopore2_20160729_FNFAB24462_MN17024_sequencing_run_E_coli_K12_1D_R9_SpotOn_2_26075_ch441_read607_strand	7c396c9d-362a-4d78-8911-887bf374ba0d_Basecall_Alignment_template
nanopore2_20160729_FNFAB24462_MN17024_sequencing_run_E_coli_K12_1D_R9_SpotOn_2_26075_ch401_read12477_strand	d09d6310-d7c4-45c4-ac46-968e493771ed_Basecall_Alignment_template
nanopore2_20160728_FNFAB24462_MN17024_sequencing_run_E_coli_K12_1D_R9_SpotOn_2_40525_ch384_read178_strand	5845123e-0721-49db-89d8-61e997c087d5_Basecall_Alignment_template
nanopore2_20160729_FNFAB24462_MN17024_sequencing_run_E_coli_K12_1D_R9_SpotOn_2_95274_ch48_read608_strand	f0379918-7769-4310-9f08-673184e8c2e8_Basecall_Alignment_template
nanopore2_20160728_FNFAB24462_MN17024_sequencing_run_E_coli_K12_1D_R9_SpotOn_2_66703_ch400_read1020_strand	c09f8852-f7b7-49a4-b02c-42677079e11b_Basecall_Alignment_template
nanopore2_20160728_FNFAB24462_MN17024_sequencing_run_E_coli_K12_1D_R9_SpotOn_2_66703_ch101_read157_strand	2a90a3c7-dc82-4634-be12-128b4d1d4e5d_Basecall_Alignment_template
nanopore2_20160729_FNFAB24462_MN17024_sequencing_run_E_coli_K12_1D_R9_SpotOn_2_58342_ch373_read308_strand	44c5f46b-62c8-4ad3-93ad-ad1951b10ce7_Basecall_Alignment_template
nanopore2_20160729_FNFAB24462_MN17024_sequencing_run_E_coli_K12_1D_R9_SpotOn_2_26075_ch4_read502_strand	62b523ff-d1f4-4782-b352-94c337cc5b73_Basecall_Alignment_template
nanopore2_20160728_FNFAB24462_MN17024_sequencing_run_E_coli_K12_1D_R9_SpotOn_2_66703_ch246_read509_strand	bec05a1e-e6c4-488e-9785-e4e6ddc2febd_Basecall_Alignment_template
nanopore2_20160728_FNFAB24462_MN17024_sequencing_run_E_coli_K12_1D_R9_SpotOn_2_40525_ch487_read350_strand	670dda0e-cf9f-4e43-a581-f23feb43b13a_Basecall_Alignment_template
nanopore2_20160728_FNFAB24462_MN17024_sequencing_run_E_coli_K12_1D_R9_SpotOn_2_40525_ch5_read48_strand	2fa92f1f-2c85-4a4c-a94a-21b962ac6708_Basecall_Alignment_template
nanopore2_20160728_FNFAB24462_MN17024_sequencing_run_E_coli_K12_1D_R9_SpotOn_2_40525_ch465_read269_strand	5cb4cd17-c590-4c91-bcb3-fb0a037e2242_Basecall_Alignment_template
nanopore2_20160728_FNFAB24462_MN17024_sequencing_run_E_coli_K12_1D_R9_SpotOn_2_40525_ch248_read258_strand	b2e3ba85-7be4-4352-b7a3-5fd25e1469d9_Basecall_Alignment_template
nanopore2_20160729_FNFAB24462_MN17024_sequencing_run_E_coli_K12_1D_R9_SpotOn_2_26075_ch184_read537_strand	c22a0454-4fcc-4219-8c5b-df2a34f80ddf_Basecall_Alignment_template
nanopore2_20160728_FNFAB24462_MN17024_sequencing_run_E_coli_K12_1D_R9_SpotOn_2_40525_ch187_read508_strand	38835b00-efb2-4b51-976c-35078a1e45df_Basecall_Alignment_template
nanopore2_20160728_FNFAB24462_MN17024_sequencing_run_E_coli_K12_1D_R9_SpotOn_2_66703_ch70_read6391_strand	ffa915dc-f0ce-4019-9892-2c85ec6971fc_Basecall_Alignment_template
nanopore2_20160729_FNFAB24462_MN17024_sequencing_run_E_coli_K12_1D_R9_SpotOn_2_58342_ch354_read630_strand	786cd6a4-fca8-4668-903f-12faa39b3917_Basecall_Alignment_template
nanopore2_20160728_FNFAB24462_MN17024_sequencing_run_E_coli_K12_1D_R9_SpotOn_2_40525_ch296_read142_strand	1487af84-21b7-4dfb-bb60-8bb32e8e57ff_Basecall_Alignment_template
nanopore2_20160728_FNFAB24462_MN17024_sequencing_run_E_coli_K12_1D_R9_SpotOn_2_66703_ch39_read295_strand	e77f6b50-435e-4e6a-a53d-9ad9a26815f8_Basecall_Alignment_template
nanopore2_20160729_FNFAB24462_MN17024_sequencing_run_E_coli_K12_1D_R9_SpotOn_2_26075_ch446_read496_strand	76406a49-b1dd-4b5e-a45a-057ceec7567b_Basecall_Alignment_template
nanopore2_20160728_FNFAB24462_MN17024_sequencing_run_E_coli_K12_1D_R9_SpotOn_2_66703_ch321_read720_strand1	76305a36-0853-47a3-9475-414aa92f4070_Basecall_Alignment_template
nanopore2_20160729_FNFAB24462_MN17024_sequencing_run_E_coli_K12_1D_R9_SpotOn_2_58342_ch373_read373_strand1	a0e44d77-bd9e-430a-bff1-93e3ad3fb1e6_Basecall_Alignment_template
nanopore2_20160728_FNFAB24462_MN17024_sequencing_run_E_coli_K12_1D_R9_SpotOn_2_40525_ch480_read107_strand	bd1323a2-43fb-428b-8f8d-2f974140717c_Basecall_Alignment_template
nanopore2_20160728_FNFAB24462_MN17024_sequencing_run_E_coli_K12_1D_R9_SpotOn_2_40525_ch505_read953_strand1	ff600fc8-810c-4a95-a49a-701761783136_Basecall_Alignment_template
nanopore2_20160729_FNFAB24462_MN17024_sequencing_run_E_coli_K12_1D_R9_SpotOn_2_95274_ch251_read701_strand1	5afa761b-94cc-4e04-8c68-fc409d370c73_Basecall_Alignment_template
nanopore2_20160729_FNFAB24462_MN17024_sequencing_run_E_coli_K12_1D_R9_SpotOn_2_26075_ch471_read711_strand	446f52ab-340f-42f8-b14c-24591687ef4f_Basecall_Alignment_template
nanopore2_20160728_FNFAB24462_MN17024_sequencing_run_E_coli_K12_1D_R9_SpotOn_2_66703_ch466_read1021_strand	5e45e63f-8ee7-4861-9ac1-a63575164a74_Basecall_Alignment_template
nanopore2_20160729_FNFAB24462_MN17024_sequencing_run_E_coli_K12_1D_R9_SpotOn_2_26075_ch32_read537_strand	4688d946-2911-4b73-94ea-7bee1cd1ba96_Basecall_Alignment_template
nanopore2_20160728_FNFAB24462_MN17024_sequencing_run_E_coli_K12_1D_R9_SpotOn_2_66703_ch162_read501_strand	a7ba505a-9222-4549-b91a-70a492535f33_Basecall_Alignment_template
nanopore2_20160729_FNFAB24462_MN17024_sequencing_run_E_coli_K12_1D_R9_SpotOn_2_26075_ch89_read736_strand	2876f514-4545-4349-831b-5fce1cbdba87_Basecall_Alignment_template
nanopore2_20160729_FNFAB24462_MN17024_sequencing_run_E_coli_K12_1D_R9_SpotOn_2_26075_ch378_read452_strand	515352d5-6c12-47c5-9391-597409657f2a_Basecall_Alignment_template
nanopore2_20160728_FNFAB24462_MN17024_sequencing_run_E_coli_K12_1D_R9_SpotOn_2_40525_ch168_read366_strand	4af1961d-0798-4f62-a854-df82dd52d41c_Basecall_Alignment_template
nanopore2_20160729_FNFAB24462_MN17024_sequencing_run_E_coli_K12_1D_R9_SpotOn_2_95274_ch463_read53_strand	9c7b7f6a-cd9d-4e4f-8ced-0c3e92432ebd_Basecall_Alignment_template
nanopore2_20160729_FNFAB24462_MN17024_sequencing_run_E_coli_K12_1D_R9_SpotOn_2_26075_ch24_read148_strand	a27ba4dc-5981-4a8c-9f59-97ffad9627d4_Basecall_Alignment_template
nanopore2_20160729_FNFAB24462_MN17024_sequencing_run_E_coli_K12_1D_R9_SpotOn_2_26075_ch466_read904_strand	04ea1bb7-f35b-4a1b-9d71-21c47c59b3d0_Basecall_Alignment_template
nanopore2_20160728_FNFAB24462_MN17024_sequencing_run_E_coli_K12_1D_R9_SpotOn_2_66703_ch408_read204_strand	ca9dfcea-7f1c-4954-a896-b532deb5fc0d_Basecall_Alignment_template
nanopore2_20160729_FNFAB24462_MN17024_sequencing_run_E_coli_K12_1D_R9_SpotOn_2_38623_ch70_read157_strand	35aad6a3-3e65-41eb-8a9e-b42bdb3deffb_Basecall_Alignment_template
nanopore2_20160728_FNFAB24462_MN17024_sequencing_run_E_coli_K12_1D_R9_SpotOn_2_40525_ch8_read78_strand	1fcc15f4-98b4-4e4b-9833-7fd07cdbed28_Basecall_Alignment_template
nanopore2_20160728_FNFAB24462_MN17024_sequencing_run_E_coli_K12_1D_R9_SpotOn_2_40525_ch463_read158_strand	9bfa2c1b-fdc6-4549-a025-1886d4dda2a1_Basecall_Alignment_template
nanopore2_20160728_FNFAB24462_MN17024_sequencing_run_E_coli_K12_1D_R9_SpotOn_2_66703_ch289_read201_strand	ee2403f5-894c-4f4e-9bf8-790c86d27911_Basecall_Alignment_template
nanopore2_20160729_FNFAB24462_MN17024_sequencing_run_E_coli_K12_1D_R9_SpotOn_2_95274_ch505_read484_strand	045a19a8-6972-40e9-bccb-ec26bfcc8185_Basecall_Alignment_template
nanopore2_20160728_FNFAB24462_MN17024_sequencing_run_E_coli_K12_1D_R9_SpotOn_2_66703_ch369_read2480_strand	4a47e13e-7b45-4b49-9224-1fb3bfbfd292_Basecall_Alignment_template
nanopore2_20160728_FNFAB24462_MN17024_sequencing_run_E_coli_K12_1D_R9_SpotOn_2_66703_ch44_read489_strand	9b37a813-f612-45c3-a687-0e36e8b314e0_Basecall_Alignment_template
nanopore2_20160728_FNFAB24462_MN17024_sequencing_run_E_coli_K12_1D_R9_SpotOn_2_40525_ch166_read851_strand	543a17f8-94d0-43af-9713-8f620ff5a399_Basecall_Alignment_template
nanopore2_20160728_FNFAB24462_MN17024_sequencing_run_E_coli_K12_1D_R9_SpotOn_2_40525_ch157_read692_strand	b5f21a60-5929-40cf-96db-68d1334b9d89_Basecall_Alignment_template
nanopore2_20160729_FNFAB24462_MN17024_sequencing_run_E_coli_K12_1D_R9_SpotOn_2_38623_ch106_read701_strand	d029c97f-81fa-4348-bf62-f1edd10a5f8e_Basecall_Alignment_template
nanopore2_20160729_FNFAB24462_MN17024_sequencing_run_E_coli_K12_1D_R9_SpotOn_2_58342_ch56_read242_strand	90c55ecf-f2ef-4c64-943c-a4dc44b0ce56_Basecall_Alignment_template
nanopore2_20160728_FNFAB24462_MN17024_sequencing_run_E_coli_K12_1D_R9_SpotOn_2_66703_ch505_read1455_strand	d50b3bdc-cb5a-4bfa-866a-f337b89079f9_Basecall_Alignment_template
nanopore2_20160728_FNFAB24462_MN17024_sequencing_run_E_coli_K12_1D_R9_SpotOn_2_66703_ch433_read610_strand	1848fb2a-3268-4460-befc-0d22823579d4_Basecall_Alignment_template
nanopore2_20160728_FNFAB24462_MN17024_sequencing_run_E_coli_K12_1D_R9_SpotOn_2_40525_ch241_read19_strand	737010b5-b704-4f44-84a3-09c18250ccb4_Basecall_Alignment_template
nanopore2_20160729_FNFAB24462_MN17024_sequencing_run_E_coli_K12_1D_R9_SpotOn_2_58342_ch490_read622_strand1	d423a7bb-f566-497c-addb-3ad095ab95b4_Basecall_Alignment_template
nanopore2_20160729_FNFAB24462_MN17024_sequencing_run_E_coli_K12_1D_R9_SpotOn_2_58342_ch157_read33_strand	5f15074d-9085-4873-808d-8189b454204c_Basecall_Alignment_template
nanopore2_20160728_FNFAB24462_MN17024_sequencing_run_E_coli_K12_1D_R9_SpotOn_2_40525_ch381_read163_strand	6d6fcf8b-1f7b-4752-a1b8-b8e7ceee1579_Basecall_Alignment_template
nanopore2_20160729_FNFAB24462_MN17024_sequencing_run_E_coli_K12_1D_R9_SpotOn_2_26075_ch358_read317_strand	d8e87f63-b5ed-40ef-a1fb-78ee95dfe35e_Basecall_Alignment_template
nanopore2_20160729_FNFAB24462_MN17024_sequencing_run_E_coli_K12_1D_R9_SpotOn_2_58342_ch117_read6915_strand	b79095aa-3bc6-4da5-adaa-ccc8866ba2c7_Basecall_Alignment_template
